Name,Location,Phone,Age,Salary
*****,N*******,001-719-296-4389x5090,50.41280316824346,54649.814389600026
*****,L**********,+1-985-347-4415x2192,42.15318545483405,66036.48593450851
*****,C******,9377954138,65.41513359191856,59928.53902713119
*****,H******,(597)980-6142x4374,39.72849193823905,49155.54008393246
*****,P******,955.206.9816,25.902599022472565,59021.05575655949
